{
    "Version": "2012-10-17",
    "Statement": [
        {
            "Effect": "Allow",
            "Action": [
                "autoscaling:AttachInstances",
                "autoscaling:CreateAutoScalingGroup",
                "autoscaling:CreateLaunchConfiguration",
                "autoscaling:CreateOrUpdateTags",
                "autoscaling:DeleteAutoScalingGroup",
                "autoscaling:DeleteLaunchConfiguration",
                "autoscaling:DeleteTags",
                "autoscaling:Describe*",
                "autoscaling:DetachInstances",
                "autoscaling:SetDesiredCapacity",
                "autoscaling:SetInstanceProtection",
                "autoscaling:SuspendProcesses",
                "autoscaling:UpdateAutoScalingGroup",
                "dynamodb:DeleteItem",
                "dynamodb:GetItem",
                "dynamodb:List*",
                "dynamodb:PutItem",
                "ec2:*",
                "ecr:CreateRepository",
                "ecr:DeleteRepository",
                "ecr:DescribeRepositories",
                "ecr:ListTagsForResource",
                "eks:*",
                "iam:AddRoleToInstanceProfile",
                "iam:AttachRolePolicy",
                "iam:CreateAccessKey",
                "iam:CreateInstanceProfile",
                "iam:CreateOpenIDConnectProvider",
                "iam:CreatePolicy",
                "iam:CreatePolicyVersion",
                "iam:CreateRole",
                "iam:CreateServiceLinkedRole",
                "iam:CreateUser",
                "iam:DeleteAccessKey",
                "iam:DeleteInstanceProfile",
                "iam:DeleteOpenIDConnectProvider",
                "iam:DeletePolicy",
                "iam:DeletePolicyVersion",
                "iam:DeleteRole",
                "iam:DeleteRolePolicy",
                "iam:DeleteServiceLinkedRole",
                "iam:DeleteUser",
                "iam:DeleteUserPolicy",
                "iam:DetachRolePolicy",
                "iam:GetInstanceProfile",
                "iam:GetOpenIDConnectProvider",
                "iam:GetPolicy",
                "iam:GetPolicyVersion",
                "iam:GetRole",
                "iam:GetRolePolicy",
                "iam:GetUser",
                "iam:GetUserPolicy",
                "iam:List*",
                "iam:PassRole",
                "iam:PutRolePolicy",
                "iam:PutUserPolicy",
                "iam:RemoveRoleFromInstanceProfile",
                "iam:TagOpenIDConnectProvider",
                "iam:TagRole",
                "iam:UpdateAssumeRolePolicy",
                "kms:*",
                "logs:CreateLogGroup",
                "logs:DeleteLogGroup",
                "logs:DescribeLogGroups",
                "logs:ListTagsLogGroup",
                "logs:PutRetentionPolicy",
                "logs:TagResource",
                "aps:CreateWorkspace",
                "aps:DescribeWorkspace",
                "aps:DescribeLoggingConfiguration",
                "aps:ListTagsForResource",
                "aps:DeleteWorkspace",
                "rds:AddTagsToResource",
                "rds:CreateDBInstance",
                "rds:CreateDBSubnetGroup",
                "rds:DeleteDBInstance",
                "rds:DeleteDBSubnetGroup",
                "rds:DescribeDBInstances",
                "rds:DescribeDBSubnetGroups",
                "rds:ListTagsForResource",
                "rds:ModifyDBInstance",
                "route53:ChangeResourceRecordSets",
                "route53:CreateHostedZone",
                "route53:DeleteHostedZone",
                "route53:GetChange",
                "route53:GetDNSSEC",
                "route53:GetHostedZone",
                "route53:ListHostedZones",
                "route53:ListResourceRecordSets",
                "route53:ListTagsForResource",
                "s3:*",
                "secretsmanager:*"
            ],
            "Resource": "*"
        }
    ]
}